"State","Name","Code","ColRulerName","GDPpc17","HDI17","IHDI17","Gini","ColRuler","ColRulerCode","IndFrom","IndDate","IndViol","IndType","SecFrom","SecDate","SecViol","Into","IntoDate","COWsys","GWsys","Notes"
700,"Afghanistan","AFG","United Kingdom",618.98998960411,0.498,0.35,NA,200,"GBR",200,191908,0,2,-9,-9,-9,-9,-9,191908,191905,"G&W add earlier indep from 1/1/1816-12/30/1888"
540,"Angola","AGO","Portugal",4247.41104936997,0.581,0.393,42.7,235,"PRT",235,197511,1,2,-9,-9,-9,-9,-9,197511,197511,"-9"
339,"Albania","ALB","Turkey",4450.00810706122,0.785,0.706,29,640,"TUR",640,191307,1,2,-9,-9,-9,-9,-9,191401,191301,"COW system interrupted 4/1939-11/1944 (Ital/Ger occup); terr chg also codes 1945 return"
232,"Andorra","AND","Not Colonized",39152.8120739519,0.858,NA,NA,-9,"N/C",-9,127809,0,1,-9,-9,-9,-9,-9,199307,-9,"Nominal French & Spanish suzerainty not enough to code as colonization"
696,"United Arab Emirates","ARE","United Kingdom",40698.8445306129,0.863,NA,NA,200,"GBR",200,197112,0,2,-9,-9,-9,-9,-9,197112,197112,"Terr chg includes the indep case as well as an ""initial system membership list"" entrry (???)"
160,"Argentina","ARG","Spain",14399.6210685905,0.825,0.707,42.4,230,"ESP",230,181607,1,2,-9,-9,-9,-9,-9,184101,181607,"-9"
371,"Armenia","ARM","Turkey",3936.79858189399,0.755,0.68,32.5,640,"TUR",365,199112,0,3,-9,-9,-9,-9,-9,199112,199112,"Terr chg also includes 1918 violent secession (but not system entry); previously under Ottoman/Persian rule; parts ceded to Russia in 1828-89 and 1878"
58,"Antigua and Barbuda","ATG","United Kingdom",14803.0109275452,0.78,NA,NA,200,"GBR",200,198111,0,2,-9,-9,-9,-9,-9,198111,-9,"Includes Antigua/Barbuda/Redonda islands"
900,"Australia","AUS","United Kingdom",57613.226226676,0.939,0.861,34.7,200,"GBR",200,190101,0,1,-9,-9,-9,-9,-9,192001,190101,"-9"
305,"Austria","AUT","Not Colonized",47717.7286469509,0.908,0.835,30.5,-9,"N/C",300,191811,1,4,300,191811,1,-9,-9,191909,191811,"Emerged from breakup of Hapsburg Empire; COW system interrupted 3/1939-4/1945 (German annexation) & 4/1945-7/1955 (Allied occupation);  Terr chg & Polity2 treat as continuation of Austria-Hungary / COW system codes as separate state number"
373,"Azerbaijan","AZE","Russia",4146.37428171431,0.757,0.681,16.6,365,"RUS",365,199112,0,3,-9,-9,-9,-9,-9,199112,199112,"Terr chg also includes 1918 violent secession (but not system entry); under Ottoman/Persian rule until Russian conquest in early 19th century"
516,"Burundi","BDI","Belgium",290.444153755691,0.417,0.278,38.6,211,"BEL",211,196207,0,2,-9,-9,-9,-9,-9,196207,196207,"Part of German East Africa until granted to Belgium as League mandate / UN trust"
211,"Belgium","BEL","Netherlands",43288.9147620453,0.916,0.836,27.7,210,"NLD",210,183010,1,3,210,183010,1,-9,-9,183012,183010,"COW system interrupted 5/1940-6/1945 (Ger occup); seceded from Netherlands in 1830-31 (recognized by Dutch in 1839)"
434,"Benin (Dahomey)","BEN","France",826.475967404579,0.515,0.326,47.8,220,"FRA",220,196008,0,2,-9,-9,-9,-9,-9,196008,196008,"Part of French West Africa"
439,"Burkina Faso (Upper Volta)","BFA","France",642.138599390587,0.423,0.288,35.3,220,"FRA",220,196008,0,2,-9,-9,-9,-9,-9,196008,196008,"Part of Upper Senegal-Niger colony (with Mali)"
771,"Bangladesh","BGD","United Kingdom",1491.67340954649,0.608,0.462,32.4,200,"GBR",770,197112,1,3,770,197112,1,-9,-9,197112,197112,"Terr chg includes the indep case as well as an ""initial system membership list"" entrry (???)"
355,"Bulgaria","BGR","Turkey",8218.19557608487,0.813,0.71,37.4,640,"TUR",640,187803,1,2,-9,-9,-9,-9,-9,190810,187803,"-9"
692,"Bahrain","BHR","United Kingdom",23667.6192931185,0.846,NA,NA,200,"GBR",200,197108,0,2,-9,-9,-9,-9,-9,197108,197108,"-9"
31,"Bahamas","BHS","United Kingdom",29824.6691504726,0.807,NA,NA,200,"GBR",200,197307,0,2,-9,-9,-9,-9,-9,197307,197307,"-9"
346,"Bosnia and Herzegovina","BIH","Turkey",5180.77782708019,0.768,0.649,32.7,640,"TUR",345,199203,1,3,345,199203,1,-9,-9,199204,199204,"Acquired by Austria from Turkey in 1878 Treaty of Berlin"
370,"Belarus","BLR","Russia",5749.81470435261,0.808,0.755,27,365,"RUS",365,199112,0,3,-9,-9,-9,-9,-9,199112,199108,"Under Polish rule until obtained by Russia in partitions of Poland"
80,"Belize","BLZ","United Kingdom",5076.98884117423,0.708,0.55,NA,200,"GBR",200,198109,0,2,-9,-9,-9,-9,-9,198109,198109,"-9"
145,"Bolivia","BOL","Spain",3393.95582225811,0.693,0.514,44.6,230,"ESP",230,182508,1,2,-9,-9,-9,-9,-9,184801,182508,"Part of Peru-Bolivia Confederation from 1836-9 (not in COW or G&W system); was part of Peru and later Arg. under Spanish rule"
140,"Brazil","BRA","Portugal",9821.43977614319,0.759,0.578,51.3,235,"PRT",235,182209,0,2,-9,-9,-9,-9,-9,182209,182209,"-9"
53,"Barbados","BRB","United Kingdom",16494.1718524144,0.8,0.669,NA,200,"GBR",200,196611,0,2,-9,-9,-9,-9,-9,196611,196611,"-9"
835,"Brunei","BRN","United Kingdom",28290.766218846,0.853,NA,NA,200,"GBR",200,198401,0,2,-9,-9,-9,-9,-9,198401,198401,"-9"
760,"Bhutan","BTN","United Kingdom",3172.83301309724,0.612,0.446,38.8,200,"GBR",750,194708,0,2,-9,-9,-9,-9,-9,197109,194901,"Ruled by Chinese before British/Indians; British end date=indep of India"
571,"Botswana","BWA","United Kingdom",7595.59581687935,0.717,NA,60.5,200,"GBR",200,196609,0,2,-9,-9,-9,-9,-9,196609,196609,"-9"
482,"Central African Republic","CAF","France",427.714078735292,0.367,0.212,56.2,220,"FRA",220,196010,0,2,-9,-9,-9,-9,-9,196008,196008,"Part of Ubangi-Shari-Chad 1906-10 & French Equatorial Africa 1910-20"
20,"Canada","CAN","United Kingdom",44973.5481026937,0.926,0.852,34,200,"GBR",200,186707,0,2,-9,-9,-9,-9,-9,192001,186707,"Independent but not a COW system member from 1867-1920 due to British control of foreign policy"
225,"Switzerland","CHE","Not Colonized",80101.2041019419,0.944,0.871,32.5,-9,"N/C",-9,129108,0,1,-9,-9,-9,-9,-9,181601,181601,"-9"
155,"Chile","CHL","Spain",15346.7278988212,0.843,0.71,47.7,230,"ESP",230,181802,1,2,-9,-9,-9,-9,-9,183901,181804,"-9"
710,"China (PRC)","CHN","Not Colonized",8682.24956150639,0.752,0.643,42.2,-9,"N/C",-9,136800,1,1,-9,-9,-9,-9,-9,186010,181601,"-9"
437,"Cote d'Ivoire (Ivory Coast)","CIV","France",1566.38357677321,0.492,0.311,41.5,220,"FRA",220,196008,0,2,-9,-9,-9,-9,-9,196008,196008,"Part of French West Africa"
471,"Cameroon","CMR","France",1451.91763174703,0.556,0.366,46.6,220,"FRA",220,196001,1,2,-9,-9,-9,-9,-9,196001,196001,"French/British League/UN trust - British sector split between Nigeria & Cameroon"
490,"Dem. Rep. Congo (Zaire; Congo-Kinshasa)","COD","Belgium",462.779534084855,0.457,0.319,42.1,211,"BEL",211,196006,1,2,-9,-9,-9,-9,-9,196006,196006,"-9"
484,"Congo (Congo-Brazzaville)","COG","France",2146.53137220113,0.606,0.469,48.9,220,"FRA",220,196008,0,2,-9,-9,-9,-9,-9,196008,196008,"-9"
100,"Colombia","COL","Spain",6301.58987281464,0.747,0.571,50.8,230,"ESP",230,181912,1,2,-9,-9,-9,-9,-9,183101,183009,"I (and COW) consider Gran Colombia (G&W system: 8/30/1821-9/22/1830) same entity as Colombia"
581,"Comoros","COM","France",1329.91752701005,0.503,0.275,45.3,220,"FRA",220,197507,0,2,-9,-9,-9,-9,-9,197512,197507,"Includes Grande Comore/Anjouan/Moheli Islands (Mayotte remained French)"
402,"Cape Verde","CPV","Portugal",3244.67116696081,0.654,NA,47.2,235,"PRT",235,197507,0,2,-9,-9,-9,-9,-9,197507,197507,"Associated with Guinea-Bissau from 1976-81"
94,"Costa Rica","CRI","Spain",11734.1002537488,0.794,0.651,48.7,230,"ESP",89,183811,1,3,89,183811,1,-9,-9,192001,184001,"Seceded from United States/Provinces of Cent.Am. (not in COW system; G&W 7/1/1823-12/31/1839)"
40,"Cuba","CUB","Spain",8433.09269880212,0.777,NA,NA,230,"ESP",2,190205,0,2,-9,-9,-9,-9,-9,190205,190205,"COW system interrupted 9/1906-1/1909 (US occup); indep from USA coded as nonviolent (but long revolt against Spanish rule before USA acquired Cuba)"
352,"Cyprus","CYP","United Kingdom",25789.8497499203,0.869,0.769,34,200,"GBR",200,196008,1,2,-9,-9,-9,-9,-9,196008,196008,"-9"
316,"Czechia / Czech Republic","CZE","Austria-Hungary",20325.715788574,0.888,0.84,25.9,300,NA,315,199301,0,4,315,199301,0,-9,-9,199301,199301,"Emerged from breakup of Czechoslovakia (""Velvet Divorce"")"
255,"Germany (19th Century Prussia)","DEU","Not Colonized",44976.4261576628,0.936,0.861,31.7,-9,"N/C",-9,161807,0,1,-9,-9,-9,-9,-9,181601,181601,"COW system interrupted 5/1945-10/1990 (split into East-West Germany); Polity codes indep of Germany (violent unification) in 1871 / COW codes unified Germany as continuation of #255 Prussia"
522,"Djibouti","DJI","France",1927.59240743743,0.476,0.306,44.1,220,"FRA",220,197706,0,2,-9,-9,-9,-9,-9,197706,197706,"-9"
54,"Dominica","DMA","United Kingdom",6719.33730632899,0.715,NA,NA,200,"GBR",200,197811,0,2,-9,-9,-9,-9,-9,197811,-9,"Settled by French; taken by Britain in 18th century"
390,"Denmark","DNK","Not Colonized",57532.5024899003,0.929,0.86,28.2,-9,"N/C",-9,98000,0,1,-9,-9,-9,-9,-9,181601,181601,"COW system interrupted 4/1940-5/1945 (Ger occup)"
42,"Dominican Republic","DOM","Spain",7052.26568141345,0.736,0.581,45.3,230,"ESP",41,184402,1,3,41,184402,1,-9,-9,189401,184402,"COW system interrupted 11/1916-9/1924 (US occup); terr chg data incl 1865 indep from Spain; ruled by Haiti (not a COW system member) from 1822 to 1844 revolution"
615,"Algeria","DZA","France",4055.24658024295,0.754,0.598,27.6,220,"FRA",220,196207,1,2,-9,-9,-9,-9,-9,196207,196207,"G&W add earlier indep from 1/1/1816-7/5/1830"
130,"Ecuador","ECU","Spain",6273.48889235625,0.752,0.603,45,230,"ESP",100,183005,0,3,100,183005,0,-9,-9,185401,183005,"Seceded from Gran Colombia (not in COW system; in G&W system 8/30/1821-9/22/1830)"
651,"Egypt","EGY","Turkey",2000.29955211312,0.696,0.493,31.8,640,"TUR",640,183111,0,2,-9,-9,-9,-9,-9,185501,182701,"Also occupied by British from 1882-1922 (rejoins COW 5/1937 & G/W 2/1922)"
531,"Eritrea","ERI","Italy",1146.74507635589,0.44,NA,NA,325,"ITA",530,199305,1,3,530,199305,1,-9,-9,199305,199305,"British occupied in 1941 & administered under UN trust from 1949-52; seceded from Ethiopia after long war"
230,"Spain","ESP","Not Colonized",28353.6493696499,0.891,0.754,36.2,-9,"N/C",-9,147901,1,1,-9,-9,-9,-9,-9,181601,181601,"-9"
366,"Estonia","EST","Russia",19792.6437444516,0.871,0.794,32.7,365,"RUS",365,191811,1,2,365,199109,0,-9,-9,191802,191811,"Absorbed into USSR from 6/1940 until seceded 9/1991; acquired by Russia from Sweden in 1710; broke off from Russia in 1918"
530,"Ethiopia","ETH","Not Colonized",720.339679287064,0.463,0.331,39.1,-9,"N/C",-9,185502,1,1,-9,-9,-9,-9,-9,189801,185502,"COW system interrupted 5/1936-5/1941 (Ital occup); terr chg only includes 1941 restoration"
375,"Finland","FIN","Not Colonized",45670.1195230227,0.92,0.868,27.1,-9,"N/C",365,191712,1,2,-9,-9,-9,-9,-9,191712,191712,"Ceded by Sweden to Russia in 1809 after war"
950,"Fiji","FJI","United Kingdom",5382.29893160126,0.741,NA,36.4,200,"GBR",200,197010,0,2,-9,-9,-9,-9,-9,197010,197010,"-9"
220,"France","FRA","Not Colonized",38414.8818445434,0.901,0.808,32.7,-9,"N/C",-9,94308,1,1,-9,-9,-9,-9,-9,181601,181601,"COW system interrupted 11/1942-8/1944 (Ger occup)"
987,"Fed. States of Micronesia","FSM","United States of America",3187.55716099447,0.627,NA,40.1,2,"USA",2,198611,0,2,-9,-9,-9,-9,-9,199109,-9,"Includes Caroline Islands except Palau"
481,"Gabon","GAB","France",7220.93213692854,0.702,0.545,42.2,220,"FRA",220,196008,0,2,-9,-9,-9,-9,-9,196008,196008,"Part of French Equatorial Africa"
200,"United Kingdom","GBR","Not Colonized",39757.7061654369,0.922,0.835,33.2,-9,"N/C",-9,106612,1,1,-9,-9,-9,-9,-9,181601,181601,"-9"
372,"Georgia","GEO","Russia",3874.94712442428,0.78,0.682,36.5,365,"RUS",365,199112,0,3,-9,-9,-9,-9,-9,199112,199109,"Terr chg also includes 1918 violent secession (but not system entry); previously under Armenia-Persian-Turkish control before annexed by Russia in 1801"
452,"Ghana","GHA","United Kingdom",2046.0943097957,0.592,0.42,42.4,200,"GBR",200,195703,0,2,-9,-9,-9,-9,-9,195703,195703,"-9"
438,"Guinea","GIN","France",802.731961814878,0.459,0.306,33.7,220,"FRA",220,195810,0,2,-9,-9,-9,-9,-9,195810,195810,"Administered as Rivieres du Sud with Senegal until 1893; part of French W Africa"
420,"Gambia","GMB","United Kingdom",709.076745429669,0.46,0.289,35.9,200,"GBR",200,196502,0,2,-9,-9,-9,-9,-9,196502,196502,"Part of limited 1982-89 Senegambia confederation with Senegal"
404,"Guinea-Bissau","GNB","Portugal",723.63395435601,0.455,0.276,50.7,235,"PRT",235,197409,0,2,-9,-9,-9,-9,-9,197409,197409,"-9"
411,"Equatorial Guinea","GNQ","Spain",9850.34766435638,0.591,NA,NA,230,"ESP",230,196810,0,2,-9,-9,-9,-9,-9,196810,196810,"-9"
350,"Greece","GRC","Turkey",18198.0002128297,0.87,0.753,36,640,"TUR",640,182908,1,2,-9,-9,-9,-9,-9,182801,182804,"COW system interrupted 4/1941-10/1944 (Ger occup); won independence from Ottoman Empire 1821-9 war (COW: joins system 1/1/1828)"
55,"Grenada","GRD","United Kingdom",10451.0297962233,0.772,NA,NA,200,"GBR",200,197402,0,2,-9,-9,-9,-9,-9,197402,-9,"Founded by French but ceded to British in 1763"
90,"Guatemala","GTM","Spain",4470.96158737233,0.65,0.467,48.3,230,"ESP",89,183904,1,3,89,183904,1,-9,-9,186801,182307,"Seceded from United States/Provinces of Cent.Am. (not in COW system; G&W 7/1/1823-12/31/1839)"
110,"Guyana","GUY","United Kingdom",4555.06842309853,0.654,0.532,NA,200,"GBR",200,196605,0,2,-9,-9,-9,-9,-9,196605,196605,"Founded by Dutch but ceded to British in 1814"
91,"Honduras","HND","Spain",2480.1274688583,0.617,0.459,50,230,"ESP",89,183811,1,3,89,183811,1,-9,-9,189901,184001,"Seceded from United States/Provinces of Cent.Am. (not in COW system; G&W 7/1/1823-12/31/1839)"
344,"Croatia","HRV","Austria-Hungary",13176.5338753276,0.831,0.756,30.8,300,NA,345,199106,1,3,345,199106,1,-9,-9,199201,199106,"Polity2 codes earlier indep in 1830"
41,"Haiti","HTI","France",775.972532078947,0.498,0.304,41.1,220,"FRA",220,180401,1,2,-9,-9,-9,-9,-9,185901,181601,"COW system interrupted 7/1915-8/1934 (US occup)"
310,"Hungary","HUN","Not Colonized",14376.4120654678,0.838,0.772,30.4,-9,"N/C",300,191811,1,4,300,191811,1,-9,-9,191811,191811,"Emerged from breakup of Hapsburg Empire; terr chg codes as seceding from #305 Austria (not #300 Austria-Hungary)"
850,"Indonesia","IDN","Netherlands",3846.86433289296,0.694,0.563,39.5,210,"NLD",210,194912,1,2,-9,-9,-9,-9,-9,194912,194508,"-9"
750,"India","IND","United Kingdom",1923.31603407152,0.64,0.468,35.1,200,"GBR",200,194708,0,2,-9,-9,-9,-9,-9,194708,194708,"-9"
205,"Ireland","IRL","United Kingdom",69603.9244091622,0.938,0.854,31.9,200,"GBR",200,192212,1,3,200,192212,1,-9,-9,192212,192112,"Ruled as part of UK (not as a colony)"
630,"Iran (Persia)","IRN","Not Colonized",5679.64850878533,0.798,0.707,38.8,-9,"N/C",-9,150200,1,1,-9,-9,-9,-9,-9,185501,181601,"-9"
645,"Iraq","IRQ","Turkey",4755.72447287238,0.685,0.546,29.5,640,"TUR",200,193210,0,2,-9,-9,-9,-9,-9,193210,193210,"Occupied by British from 1917-20 before becoming League mandate"
395,"Iceland","ISL","Not Colonized",73060.1851845076,0.935,0.878,25.6,-9,"N/C",390,194406,0,3,390,194406,0,-9,-9,194406,194406,"-9"
666,"Israel","ISR","Turkey",42452.1350307258,0.903,0.787,41.4,640,"TUR",200,194805,1,2,-9,-9,-9,-9,-9,194805,194805,"Occupied by British from 1918-23 before becoming League mandate"
325,"Italy (19th Century Sardinia)","ITA","Not Colonized",32746.6080020614,0.88,0.771,34.7,-9,"N/C",-9,172000,0,1,-9,-9,-9,-9,-9,181601,181601,"COW codes unified Italy as continuation of #325 Sardinia / Polity2 codes Sardinia separately"
51,"Jamaica","JAM","United Kingdom",5129.84528128575,0.732,0.608,NA,200,"GBR",200,196208,0,2,-9,-9,-9,-9,-9,196208,196208,"-9"
663,"Jordan","JOR","Turkey",4195.72970641507,0.735,0.617,33.7,640,"TUR",200,194605,0,2,-9,-9,-9,-9,-9,194603,194605,"Occupied by British 1918-23 before becoming League mandate"
740,"Japan","JPN","Not Colonized",38219.6817283573,0.909,0.876,32.1,-9,"N/C",-9,159000,1,1,-9,-9,-9,-9,-9,186001,181601,"COW system interrupted 8/1945-4/1952 (Allied occup); terr chg codes a separate indep in 1952"
705,"Kazakhstan","KAZ","Russia",8756.4571398539,0.8,0.737,26.9,365,"RUS",365,199112,0,3,-9,-9,-9,-9,-9,199112,199112,"Acquired by Russia over 18th-19th centuries after Mongol rule"
501,"Kenya","KEN","United Kingdom",1507.81462604759,0.59,0.434,48.5,200,"GBR",200,196312,1,2,-9,-9,-9,-9,-9,196312,196312,"-9"
703,"Kyrgyzstan","KGZ","Russia",1251.38063772788,0.672,0.606,26.8,365,"RUS",365,199112,0,3,-9,-9,-9,-9,-9,199112,199108,"-9"
811,"Cambodia","KHM","France",1382.12138111543,0.582,0.469,NA,220,"FRA",220,195311,1,2,-9,-9,-9,-9,-9,195311,195311,"Ruled by Siam before French acquisition in 1863"
946,"Kiribati","KIR","United Kingdom",1694.28610646283,0.612,NA,37,200,"GBR",200,197907,0,2,-9,-9,-9,-9,-9,199909,-9,"Fomerly the Gilbert Islands"
60,"Saint Kitts and Nevis","KNA","United Kingdom",16817.9502782211,0.778,NA,NA,200,"GBR",200,198309,0,2,-9,-9,-9,-9,-9,198309,-9,"British consolidated control in 1783; St. Kitts & Nevis united in 1882"
732,"South Korea (ROK)","KOR","Japan",30025.1957363731,0.903,0.773,31.6,740,"JPN",730,194808,1,4,-9,-9,-9,-9,-9,194906,194808,"Not coded as leaving unified Korea because 1945 Korea was Jap. protectorate"
690,"Kuwait","KWT","United Kingdom",28897.1865162497,0.803,NA,NA,200,"GBR",200,196106,0,2,-9,-9,-9,-9,-9,196106,196106,"-9"
812,"Laos","LAO","France",2457.37990149978,0.601,0.445,36.4,220,"FRA",220,195310,1,2,-9,-9,-9,-9,-9,195310,195405,"Claimed / invaded by Thais before French control established in 1893"
660,"Lebanon","LBN","Turkey",8778.47183166005,0.757,NA,31.8,640,"TUR",220,194311,0,2,-9,-9,-9,-9,-9,194603,194411,"French mandate (Levant States) included both Lebanon & Syria"
450,"Liberia","LBR","Not Colonized",583.830053471054,0.435,0.298,33.2,-9,"N/C",-9,184707,0,1,-9,-9,-9,-9,-9,192006,184707,"-9"
620,"Libya","LBY","Turkey",3941.77382089043,0.706,NA,NA,640,"TUR",200,195112,0,2,-9,-9,-9,-9,-9,195112,195112,"G&W add earlier indep from 1/1/1816-12/31/1834"
56,"Saint Lucia","LCA","United Kingdom",9606.96555740281,0.747,0.622,NA,200,"GBR",200,197902,0,2,-9,-9,-9,-9,-9,197902,-9,"French abandoned claim in 1814 Treaty of Paris"
223,"Liechtenstein","LIE","Not Colonized",166021.702917002,0.916,NA,NA,-9,"N/C",-9,180607,1,4,-9,-9,-9,-9,-9,199009,-9,"Independent due to Napoleonic partition of Holy Roman Empire; in Austrian customs union to 1918 / Swiss customs union since 1924"
780,"Sri Lanka (Ceylon)","LKA","United Kingdom",4184.36532372811,0.77,0.664,39.8,200,"GBR",200,194802,0,2,-9,-9,-9,-9,-9,194802,194802,"-9"
570,"Lesotho","LSO","United Kingdom",1178.31175387437,0.52,0.359,54.2,200,"GBR",200,196610,0,2,-9,-9,-9,-9,-9,196610,196610,"-9"
368,"Lithuania","LTU","Russia",16449.6795861987,0.858,0.757,37.4,365,"RUS",365,191802,1,2,365,199109,0,-9,-9,191802,191802,"Absorbed into USSR from 6/1940 until seceded 9/1991; seceded from Russia 12/19198"
212,"Luxembourg","LUX","Netherlands",106805.768781017,0.904,0.811,31.2,210,"NLD",210,186705,0,2,210,186705,0,-9,-9,192011,186705,"COW system interrupted 5/1940-9/1944 (Ger occup); part went to Belgium in 1839; remaining Dutch part became independent in 1867"
367,"Latvia","LVA","Russia",15624.8505714961,0.847,0.759,34.2,365,"RUS",365,191811,1,2,365,199109,0,-9,-9,191811,191811,"Absorbed into USSR from 6/1940 until seceded 9/1991; seceded from Russia 1/1918"
600,"Morocco","MAR","France",3069.67101308887,0.667,NA,40.7,220,"FRA",-9,166606,1,1,-9,-9,-9,-9,-9,184701,181601,"Independence interrupted by 1911-56 French occupation; France and Spain both colonized Morocco (much of Spanish Morocco is now Western Sahara)"
221,"Monaco","MCO","Not Colonized",165420.989471529,NA,NA,NA,-9,"N/C",-9,141906,0,1,-9,-9,-9,-9,-9,199305,-9,"Annexed to France 1793-1814 / protected by Sardinia 1815-60"
359,"Moldova","MDA","Turkey",2006.43118714636,0.7,0.627,26.3,640,"TUR",365,199112,0,3,-9,-9,-9,-9,-9,199112,199108,"-9"
580,"Madagascar (Malagasy Rep.)","MDG","France",516.540041644505,0.519,0.385,42.6,220,"FRA",220,196006,0,2,-9,-9,-9,-9,-9,196006,196006,"G&W add earlier indep from 1/1/1816-8/5/1896"
781,"Maldive Islands","MDV","United Kingdom",11151.0920279616,0.717,0.549,38.4,200,"GBR",200,196507,0,2,-9,-9,-9,-9,-9,196507,196505,"-9"
70,"Mexico","MEX","Spain",8967.17016660979,0.774,0.609,43.4,230,"ESP",230,182109,1,2,-9,-9,-9,-9,-9,183101,182107,"-9"
983,"Marshall Islands","MHL","United States of America",3753.25629152785,0.708,NA,NA,2,"USA",2,198610,0,2,-9,-9,-9,-9,-9,199109,-9,"Mandated to Japan (1920) / US trust territory (1947); both occupied islands first"
343,"North Macedonia (Macedonia/FYROM)","MKD","Turkey",5414.61879598777,0.757,0.661,35.6,640,"TUR",345,199109,0,3,345,199109,0,-9,-9,199304,199111,"""Former Yugoslav Republic of..."" due to Greek clam to Macedonian name"
432,"Mali","MLI","France",821.693528812962,0.427,0.282,33,220,"FRA",220,196009,0,2,-9,-9,-9,-9,-9,196006,196009,"-9"
338,"Malta","MLT","United Kingdom",29136.9679183422,0.878,0.805,29,200,"GBR",200,196409,0,2,-9,-9,-9,-9,-9,196409,196409,"Captured from France by British in 1800 & kept in 1814 Treaty of Paris"
775,"Myanmar (Burma)","MMR","United Kingdom",1257.28102869549,0.578,0.466,38.1,200,"GBR",200,194801,0,2,-9,-9,-9,-9,-9,194801,194801,"G&W add earlier indep from 1/1/1816-12/31/1885; ruled as a province of British India from late 19th century to 1937"
341,"Montenegro","MNE","Turkey",7702.56637272964,0.814,0.741,31.9,640,"TUR",345,200606,0,3,345,200606,0,-9,-9,200606,200606,"Seceded from Serbia & Montenegro (former Yugoslavia)"
712,"Mongolia","MNG","China",3620.39180558157,0.741,0.639,32.3,710,"CHN",710,192108,1,3,-9,-9,-9,-9,-9,192103,192103,"-9"
541,"Mozambique","MOZ","Portugal",426.438077170711,0.437,0.294,54,235,"PRT",235,197506,1,2,-9,-9,-9,-9,-9,197506,197506,"-9"
435,"Mauritania","MRT","France",1129.38915173152,0.52,0.348,32.6,220,"FRA",220,196011,0,2,-9,-9,-9,-9,-9,196011,196011,"Part of French West Africa"
590,"Mauritius","MUS","France",10564.91259698,0.79,0.683,35.8,220,"FRA",200,196803,0,2,-9,-9,-9,-9,-9,196803,196803,"French took from Dutch 1710; captured by British 1810 / formally ceded in 1814"
553,"Malawi","MWI","United Kingdom",340.417088910495,0.477,0.332,45.5,200,"GBR",200,196407,0,2,-9,-9,-9,-9,-9,196407,196407,"-9"
820,"Malaysia","MYS","United Kingdom",9951.44955940059,0.802,NA,46.3,200,"GBR",200,195708,0,2,-9,-9,-9,-9,-9,195708,195708,"-9"
565,"Namibia","NAM","United Kingdom",5227.17982439078,0.647,0.422,61,200,"GBR",560,199003,1,2,-9,-9,-9,-9,-9,199003,199003,"Mandated to South Africa in 1920 - mandate withdrawn in 1966"
436,"Niger","NER","France",378.072121357101,0.354,0.25,34.3,220,"FRA",220,196008,0,2,-9,-9,-9,-9,-9,196010,196008,"Part of French West Africa"
475,"Nigeria","NGA","United Kingdom",1968.55247207895,0.532,0.347,43,200,"GBR",200,196010,0,2,-9,-9,-9,-9,-9,196010,196010,"-9"
93,"Nicaragua","NIC","Spain",2221.7812075383,0.658,0.507,46.2,230,"ESP",89,183804,1,3,89,183804,1,-9,-9,190001,184001,"Seceded from United States/Provinces of Cent.Am. (not in COW system; G&W 7/1/1823-12/31/1839)"
210,"Netherlands","NLD","Not Colonized",48754.1466075908,0.931,0.857,29.3,-9,"N/C",230,158107,1,2,-9,-9,-9,-9,-9,181601,181601,"COW system interrupted 7/1940-6/1945 (Ger occup); ruled by Austrian Hapsburgs until 1472 & Spanish Hapsburgs until 1581"
385,"Norway","NOR","Not Colonized",75295.2564231048,0.953,0.876,27.5,-9,"N/C",380,190506,0,3,380,190506,0,-9,-9,190506,190507,"COW system interrupted 4/1940-5/1945 (Ger occup)"
790,"Nepal","NPL","Not Colonized",848.668340875907,0.574,0.427,32.8,-9,"N/C",-9,176809,1,1,-9,-9,-9,-9,-9,192001,181601,"-9"
970,"Nauru","NRU","Australia",10045.3773713531,NA,NA,NA,900,"AUS",900,196801,0,2,-9,-9,-9,-9,-9,199909,-9,"In German New Guinea 1888-1914; Australia ruled under League & UN mandate"
920,"New Zealand","NZL","United Kingdom",42934.9848182154,0.917,0.846,NA,200,"GBR",200,190709,0,1,-9,-9,-9,-9,-9,192001,190709,"-9"
698,"Oman","OMN","Portugal",15267.4207560329,0.821,NA,NA,235,"PRT",640,174100,1,2,-9,-9,-9,-9,-9,197110,181601,"Close relationship with UK - but apparently not colony- or protectorate-level"
770,"Pakistan","PAK","United Kingdom",1533.57872327897,0.562,0.387,30.7,200,"GBR",200,194708,0,2,-9,-9,-9,-9,-9,194708,194708,"-9"
95,"Panama","PAN","Spain",15087.6816417463,0.789,0.623,50.4,230,"ESP",100,190311,1,3,100,190311,1,-9,-9,190311,190311,"Was part of Colombia until US supported 1903 rebellion"
135,"Peru","PER","Spain",6572.35496828982,0.75,0.606,43.8,230,"ESP",230,182412,1,2,145,183902,1,-9,-9,183901,182412,"Part of Peru-Bolivia Confederation from 1836-9 (not in COW or G&W system) - Terr chg data also codes 1839 secession"
840,"Philippines","PHL","Spain",2988.95152959166,0.699,0.574,40.1,230,"ESP",2,194607,0,2,-9,-9,-9,-9,-9,194607,194607,"US took possession from Spain after Spanish-American War"
986,"Palau","PLW","United States of America",13417.2764508261,0.798,NA,NA,2,"USA",2,199410,0,2,-9,-9,-9,-9,-9,199412,-9,"Includes about 100 small islands on west end of Caroline Islands"
910,"Papua New Guinea","PNG","United Kingdom",2666.99741246218,0.544,NA,41.9,200,"GBR",900,197509,0,2,-9,-9,-9,-9,-9,197509,197509,"Australia took over British Papua 1905 / mandated German New Guinea 1920"
290,"Poland","POL","Germany",13785.7489779728,0.865,0.787,31.8,255,"DEU",255,191811,1,3,-9,-9,-9,-9,-9,191811,191811,"COW system interrupted 9/1939-6/1945 (German/Russian occup)"
731,"North Korea (DPRK)","PRK","Japan",684.600808353601,NA,NA,NA,740,"JPN",730,194809,1,4,-9,-9,-9,-9,-9,194809,194809,"Not coded as leaving unified Korea because 1945 Korea was Jap. protectorate"
235,"Portugal","PRT","Not Colonized",18881.9481537853,0.847,0.732,35.5,-9,"N/C",-9,113907,0,1,-9,-9,-9,-9,-9,181601,181601,"Dependency of Spain 1580-1640"
150,"Paraguay","PRY","Spain",4321.50720520348,0.702,0.522,47.9,230,"ESP",230,181105,1,2,-9,-9,-9,-9,-9,184601,181601,"COW system membership interrupted 6/1870-6/1876 (Arg/Braz occup); was part of Argentina under Spanish rule"
694,"Qatar","QAT","United Kingdom",63505.8813367845,0.856,NA,NA,200,"GBR",200,197109,0,2,-9,-9,-9,-9,-9,197109,197109,"Terr chg also codes as becoming indep in 1915 (but not joining system)"
347,"Kosovo","RKS","Turkey",4116.32602427861,NA,NA,NA,640,"TUR",345,200802,1,3,345,200802,1,-9,-9,200802,200802,"Seceded from Serbia following civil war & NATO intervention"
360,"Romania","ROU","Turkey",10762.7635581256,0.811,0.717,28.3,640,"TUR",640,187807,1,2,-9,-9,-9,-9,-9,187807,187807,"-9"
365,"Russia (USSR)","RUS","Not Colonized",10955.8102584701,0.816,0.738,37.7,-9,"N/C",-9,145701,1,1,-9,-9,-9,-9,-9,181601,181601,"Central republic of USSR (1922-91)"
517,"Rwanda","RWA","Belgium",748.350053174087,0.524,0.367,50.4,211,"BEL",211,196207,1,2,-9,-9,-9,-9,-9,196207,196201,"In German East Africa; Belgium administered with Burundi as Ruanda-Urundi"
670,"Saudi Arabia","SAU","Turkey",20760.9060117661,0.853,NA,NA,640,"TUR",-9,192601,1,1,-9,-9,-9,-9,-9,192705,193209,"Created by Ibn Saud 1927; united Hejaz (freed from Turks 1924-5 ) & Nejd (1906)"
625,"Sudan","SDN","United Kingdom",2967.08343327986,0.502,0.328,35.4,200,"GBR",200,195601,0,2,-9,-9,-9,-9,-9,195601,195601,"Terr chg also codes as becoming indep in 1884 (but not joining system); jointly administered by Egyptian-British condominium (1899-indep)"
433,"Senegal","SEN","France",1332.83236450343,0.505,0.34,40.3,220,"FRA",432,196008,0,2,432,196008,0,-9,-9,196008,196004,"Part of Mali Federation (1959-60) & Senegambia (1982-9)"
830,"Singapore","SGP","United Kingdom",56736.7702565016,0.932,0.816,NA,200,"GBR",820,196508,0,3,820,196508,0,-9,-9,196508,196508,"Briefly merged with Malaysia 1962-5"
940,"Solomon Islands","SLB","United Kingdom",1982.2843200711,0.546,NA,37.1,200,"GBR",200,197807,0,2,-9,-9,-9,-9,-9,197807,197807,"Includes Guadalcanal & many other islands"
451,"Sierra Leone","SLE","United Kingdom",494.835664781072,0.419,0.266,34,200,"GBR",200,196104,0,2,-9,-9,-9,-9,-9,196104,196104,"-9"
92,"El Salvador","SLV","Spain",3889.30877538256,0.674,0.524,40,230,"ESP",89,184004,1,3,89,184004,1,-9,-9,187501,184001,"Seceded from United States/Provinces of Cent.Am. (not in COW system; G&W 7/1/1823-12/31/1839)"
331,"San Marino","SMR","Not Colonized",50587.6299930905,NA,NA,NA,-9,"N/C",-9,30100,0,1,-9,-9,-9,-9,-9,199203,-9,"-9"
520,"Somalia","SOM","Italy",104.139954144258,NA,NA,NA,325,"ITA",325,196007,0,2,-9,-9,-9,-9,-9,196007,196007,"Sources disagree on whether British Somaliland incl in 1950-60 Italian mandate"
345,"Serbia / Yugoslavia","SRB","Turkey",5912.07572032516,0.787,0.667,28.5,640,"TUR",640,187807,1,2,-9,-9,-9,-9,-9,187807,191812,"COW system interrupted 4/1941-10/1944 (Axis occup); G&W incl Montenegro (1868-1915) & Serbia (1878-1915) as separate states"
626,"South Sudan","SSD","United Kingdom",452.77029168266,0.388,0.247,46.3,200,"GBR",625,201107,1,3,625,201107,1,-9,-9,201107,201107,"Seceded from Sudan by referendum after long civil war"
403,"Sao Tome and Principe","STP","Portugal",1921.28108604704,0.589,0.473,30.8,235,"PRT",235,197507,0,2,-9,-9,-9,-9,-9,197507,-9,"-9"
115,"Suriname","SUR","Netherlands",6757.42621394445,0.72,0.557,NA,210,"NLD",210,197511,0,2,-9,-9,-9,-9,-9,197511,197511,"Ceded by British to Dutch in 1667 Treaty of Breda"
317,"Slovakia","SVK","Austria-Hungary",17552.0563243671,0.855,0.797,26.5,300,NA,315,199301,0,4,315,199301,0,-9,-9,199301,199301,"Emerged from breakup of Czechoslovakia (""Velvet Divorce""); terr chg includes 1939 secession from Czechoslovakia under German rule (didn't enter system)"
349,"Slovenia","SVN","Austria-Hungary",23296.4067028435,0.896,0.846,25.4,300,NA,345,199106,1,3,345,199106,1,-9,-9,199201,199204,"-9"
380,"Sweden","SWE","Not Colonized",54043.3401740635,0.933,0.864,29.2,-9,"N/C",-9,152306,1,4,-9,-9,-9,-9,-9,181601,181601,"Broke away from Union of Kalmar (with Denmark/Norway) in 1523"
572,"eSwatini (Swaziland)","SWZ","United Kingdom",3224.40761731421,0.588,0.414,51.5,200,"GBR",200,196809,0,2,-9,-9,-9,-9,-9,196809,196809,"-9"
591,"Seychelles","SYC","United Kingdom",15692.7352346963,0.797,NA,46.8,200,"GBR",200,197606,0,2,-9,-9,-9,-9,-9,197606,-9,"England took from France 1794 - later ruled as dependency from Mauritius"
652,"Syria","SYR","Turkey",831.060401347182,0.536,NA,NA,640,"TUR",220,194604,1,2,651,196109,0,-9,-9,194604,194601,"COW system membership interrupted by 1958-61 merger into UAR (G/W leave Syria in system); French mandate (Levant States"
483,"Chad","TCD","France",719.259029943368,0.404,0.249,43.3,220,"FRA",220,196008,0,2,-9,-9,-9,-9,-9,196008,196008,"Part of French Equatorial Africa 1910-20"
461,"Togo","TGO","France",613.758638687202,0.503,0.344,43.1,220,"FRA",220,196004,0,2,-9,-9,-9,-9,-9,196004,196004,"British Togoland (mandated part of German Togo) joined indep. Ghana"
800,"Thailand","THA","Not Colonized",6595.00197610361,0.755,0.636,37.8,-9,"N/C",-9,176900,1,1,-9,-9,-9,-9,-9,188701,181601,"-9"
702,"Tajikistan","TJK","Russia",800.963060672885,0.65,0.562,34,365,"RUS",365,199112,0,3,-9,-9,-9,-9,-9,199112,199109,"-9"
701,"Turkmenistan","TKM","Russia",6584.69635697942,0.706,0.575,NA,365,"RUS",365,199112,0,3,-9,-9,-9,-9,-9,199112,199110,"-9"
860,"East Timor (Timor-Leste)","TLS","Portugal",2279.25320389937,0.625,0.452,28.7,235,"PRT",850,200205,1,2,-9,-9,-9,-9,-9,200209,200205,"Formerly Portuguese Timor"
955,"Tonga","TON","United Kingdom",3949.82280160173,0.726,NA,37.5,200,"GBR",200,197006,0,2,-9,-9,-9,-9,-9,199909,-9,"British protectorate beginning in 1900"
52,"Trinidad and Tobago","TTO","United Kingdom",16145.2507576714,0.784,NA,NA,200,"GBR",200,196208,0,2,-9,-9,-9,-9,-9,196208,196208,"Part of West Indies Federation 1958-1962"
616,"Tunisia","TUN","Turkey",3474.53839211777,0.735,0.573,35.8,640,"TUR",640,159100,1,2,-9,-9,-9,-9,-9,182501,181601,"Independence interrupted by 1881-1956 French occupation"
640,"Turkey","TUR","Not Colonized",10546.0573758735,0.791,0.669,41.9,-9,"N/C",-9,145305,1,1,-9,-9,-9,-9,-9,181601,181601,"Polity2 treats 1923 Ottoman-Turkey transition to produce a new state (violent partition)"
947,"Tuvalu","TUV","United Kingdom",3923.56119556268,NA,NA,39.1,200,"GBR",200,197810,0,2,-9,-9,-9,-9,-9,200009,-9,"Formerly the Ellice Islands"
713,"Taiwan (ROC)","TWN","Not Colonized",NA,NA,NA,NA,-9,"N/C",710,194912,1,3,710,194912,1,-9,-9,194912,194912,"Both China & Taiwan consider selves sole rulers of ""One China"" (1949-99)"
510,"Tanzania (Tanganyika)","TZA","United Kingdom",919.90451302498,0.538,0.404,37.8,200,"GBR",200,196112,0,2,-9,-9,-9,-9,-9,196112,196112,"Tanganyika during mandate; united w/ Zanzibar to form Tanzania in 1964"
510,"Tanzania (Tanganyika)","TZA","United Kingdom",933.555309737895,0.538,0.404,37.8,200,"GBR",200,196112,0,2,-9,-9,-9,-9,-9,196112,196112,"Tanganyika during mandate; united w/ Zanzibar to form Tanzania in 1964"
500,"Uganda","UGA","United Kingdom",646.217764904309,0.516,0.37,41,200,"GBR",200,196210,0,2,-9,-9,-9,-9,-9,196210,196210,"-9"
369,"Ukraine","UKR","Russia",2536.10774865781,0.751,0.701,25,365,"RUS",365,199112,0,3,-9,-9,-9,-9,-9,199112,199112,"Terr chg also includes 1918 violent secession (but not system entry); acquired by Russia in 17th-18th centuries from Lithuania/Poland"
165,"Uruguay","URY","Spain",17120.1842645208,0.804,0.689,39.7,230,"ESP",140,182808,1,3,140,182808,1,-9,-9,188201,183005,"Colonized by Spain (ruled from Argentina); annexed by Brazil from 1820-7 as Cisplatine province"
2,"United States of America","USA","United Kingdom",60054.9412855313,0.924,0.797,41.5,200,"GBR",200,178309,1,2,-9,-9,-9,-9,-9,181601,181601,"Independence dated as Treaty of Paris (ending American revolution)"
704,"Uzbekistan","UZB","Russia",1556.7591686243,0.71,NA,NA,365,"RUS",365,199112,0,3,-9,-9,-9,-9,-9,199112,199108,"Gradually occupied by Russia over 19th century"
57,"Saint Vincent and Grenadines","VCT","United Kingdom",7098.78064275,0.723,NA,NA,200,"GBR",200,197910,0,2,-9,-9,-9,-9,-9,197910,-9,"Includes northern Grenadine Islands (incl Union and Bequia)"
101,"Venezuela","VEN","Spain",7977.35915414723,0.761,0.636,46.9,230,"ESP",100,183001,0,3,100,183001,0,-9,-9,184101,182901,"Seceded from Gran Colombia (not in COW system; G&W: 8/30/1821-9/22/1830)"
816,"Vietnam","VNM","France",2342.24400621131,0.694,0.574,34.8,220,"FRA",220,195407,1,2,-9,-9,-9,-9,-9,195407,195405,"G&W add earlier indep from 1/1/1816-1/1/1893"
935,"Vanuatu","VUT","United Kingdom",3128.39372978115,0.603,0.499,37.6,200,"GBR",220,198007,0,2,-9,-9,-9,-9,-9,198109,-9,"Britain & France set up joint condominium in 1906"
990,"Samoa (Western Samoa)","WSM","New Zealand",4355.67993699193,0.713,NA,42,920,"NZL",920,196201,0,2,-9,-9,-9,-9,-9,197612,-9,"Samoa divided between US & Germany in 1899"
679,"Yemen","YEM","United Kingdom",989.605353962666,0.452,0.308,36.7,200,"GBR",678,199005,0,1,-9,-9,-9,-9,-9,199005,-9,"G&W merge #680 into #678 instead of creating #679; created by merger of (North) Yemen Arab Rep + (South) Yemen PDR"
678,"Yemen Arab Rep. (Sanaa / North Yemen)","YEM","Turkey",989.605353962666,0.452,0.308,36.7,640,"TUR",640,191810,1,2,-9,-9,-9,679,199005,192609,191810,"Merged into unified Yemen"
560,"South Africa","ZAF","United Kingdom",6151.08679928917,0.699,0.467,63,200,"GBR",200,191005,0,2,-9,-9,-9,-9,-9,192001,191005,"Ceded by Dutch to British in 1814"
551,"Zambia","ZMB","United Kingdom",1513.27622272209,0.588,0.388,57.1,200,"GBR",200,196410,0,2,-9,-9,-9,-9,-9,196410,196410,"Part of Fed. of Rhodesia & Nyasaland"
552,"Zimbabwe (Rhodesia)","ZWE","United Kingdom",1091.16624506712,0.535,0.408,43.2,200,"GBR",200,196511,0,2,-9,-9,-9,-9,-9,196511,196511,"-9"
